{
  "f8e6b000-5643-4b86-9080-aa680ce1f599": {
    "asset": 1533400513199,
    "meta": 1532487904000,
    "relativePath": "image"
  },
  "fc09f9bd-2cce-4605-b630-8145ef809ed6": {
    "asset": 1533400490832,
    "meta": 1532487904000,
    "relativePath": "misc"
  },
  "f6e6dd15-71d1-4ffe-ace7-24fd39942c05": {
    "asset": 1533400490841,
    "meta": 1532487904000,
    "relativePath": "obsolete"
  },
  "f743d2b6-b7ea-4c14-a55b-547ed4d0a045": {
    "asset": 1533400490849,
    "meta": 1532487904000,
    "relativePath": "particle"
  },
  "ae6c6c98-11e4-452f-8758-75f5c6a56e83": {
    "asset": 1533400513205,
    "meta": 1532487904000,
    "relativePath": "prefab"
  },
  "9ea96bd0-6a03-4757-ae51-23975b998a9c": {
    "asset": 1533213894626,
    "meta": 1531917778000,
    "relativePath": "res"
  },
  "72301d84-2b87-459e-b736-8bfc97ed26e0": {
    "asset": 1533466479148,
    "meta": 1531917812000,
    "relativePath": "res\\texture"
  },
  "3bc1fc8b-3f51-40c2-a761-c0e1f8531e7f": {
    "asset": 1533477349881,
    "meta": 1531917825000,
    "relativePath": "res\\scripts"
  },
  "6b675bd9-ca68-4912-9e78-e22c0b46ea25": {
    "asset": 1533213894974,
    "meta": 1532159127000,
    "relativePath": "res\\prefabs"
  },
  "e851e89b-faa2-4484-bea6-5c01dd9f06e2": {
    "asset": 1532487904000,
    "meta": 1533478658428,
    "relativePath": "image\\default_btn_normal.png"
  },
  "71561142-4c83-4933-afca-cb7a17f67053": {
    "asset": 1532487904000,
    "meta": 1533478658423,
    "relativePath": "image\\default_btn_disabled.png"
  },
  "d81ec8ad-247c-4e62-aa3c-d35c4193c7af": {
    "asset": 1532487904000,
    "meta": 1533478658474,
    "relativePath": "image\\default_panel.png"
  },
  "b43ff3c2-02bb-4874-81f7-f2dea6970f18": {
    "asset": 1532487904000,
    "meta": 1533478658452,
    "relativePath": "image\\default_btn_pressed.png"
  },
  "cfef78f1-c8df-49b7-8ed0-4c953ace2621": {
    "asset": 1532487904000,
    "meta": 1533478658502,
    "relativePath": "image\\default_progressbar.png"
  },
  "99170b0b-d210-46f1-b213-7d9e3f23098a": {
    "asset": 1532487904000,
    "meta": 1533478658464,
    "relativePath": "image\\default_progressbar_bg.png"
  },
  "567dcd80-8bf4-4535-8a5a-313f1caf078a": {
    "asset": 1532487904000,
    "meta": 1533478658495,
    "relativePath": "image\\default_radio_button_off.png"
  },
  "9d60001f-b5f4-4726-a629-2659e3ded0b8": {
    "asset": 1532487904000,
    "meta": 1533478658518,
    "relativePath": "image\\default_radio_button_on.png"
  },
  "617323dd-11f4-4dd3-8eec-0caf6b3b45b9": {
    "asset": 1532487904000,
    "meta": 1533478658541,
    "relativePath": "image\\default_scrollbar_vertical_bg.png"
  },
  "4bab67cb-18e6-4099-b840-355f0473f890": {
    "asset": 1532487904000,
    "meta": 1533478658524,
    "relativePath": "image\\default_scrollbar_bg.png"
  },
  "d6d3ca85-4681-47c1-b5dd-d036a9d39ea2": {
    "asset": 1532487904000,
    "meta": 1533478658536,
    "relativePath": "image\\default_scrollbar_vertical.png"
  },
  "0291c134-b3da-4098-b7b5-e397edbe947f": {
    "asset": 1532487904000,
    "meta": 1533478658557,
    "relativePath": "image\\default_scrollbar.png"
  },
  "0275e94c-56a7-410f-bd1a-fc7483f7d14a": {
    "asset": 1532487904000,
    "meta": 1533478658559,
    "relativePath": "image\\default_sprite_splash.png"
  },
  "6e056173-d285-473c-b206-40a7fff5386e": {
    "asset": 1532487904000,
    "meta": 1533478658572,
    "relativePath": "image\\default_sprite.png"
  },
  "73a0903d-d80e-4e3c-aa67-f999543c08f5": {
    "asset": 1532487904000,
    "meta": 1533478658578,
    "relativePath": "image\\default_toggle_checkmark.png"
  },
  "c25b9d50-c8fc-4d27-beeb-6e7c1f2e5c0f": {
    "asset": 1532487904000,
    "meta": 1533478658606,
    "relativePath": "image\\default_toggle_disabled.png"
  },
  "d29077ba-1627-4a72-9579-7b56a235340c": {
    "asset": 1532487904000,
    "meta": 1533478658590,
    "relativePath": "image\\default_toggle_normal.png"
  },
  "b181c1e4-0a72-4a91-bfb0-ae6f36ca60bd": {
    "asset": 1532487904000,
    "meta": 1533478658602,
    "relativePath": "image\\default_toggle_pressed.png"
  },
  "b2687ac4-099e-403c-a192-ff477686f4f5": {
    "asset": 1532487904000,
    "meta": 1533478658810,
    "relativePath": "particle\\atom.plist"
  },
  "972b9a4d-47ee-4c74-b5c3-61d8a69bc29f": {
    "asset": 1532487904000,
    "meta": 1533478658645,
    "relativePath": "prefab\\button.prefab"
  },
  "2c937608-2562-40ea-b264-7395df6f0cea": {
    "asset": 1532487904000,
    "meta": 1533478658655,
    "relativePath": "prefab\\canvas.prefab"
  },
  "61aeb05b-3b32-452b-8eed-2b76deeed554": {
    "asset": 1532487904000,
    "meta": 1533478658668,
    "relativePath": "prefab\\editbox.prefab"
  },
  "2be36297-9abb-4fee-8049-9ed5e271da8a": {
    "asset": 1532487904000,
    "meta": 1533478658650,
    "relativePath": "misc\\default_video.mp4"
  },
  "b8223619-7e38-47c4-841f-9160c232495a": {
    "asset": 1532487904000,
    "meta": 1533478658809,
    "relativePath": "obsolete\\atom.plist"
  },
  "27756ebb-3d33-44b0-9b96-e858fadd4dd4": {
    "asset": 1532487904000,
    "meta": 1533478658667,
    "relativePath": "prefab\\label.prefab"
  },
  "785a442c-3ceb-45be-a46e-7317f625f3b9": {
    "asset": 1532487904000,
    "meta": 1533478658682,
    "relativePath": "prefab\\layout.prefab"
  },
  "ca8401fe-ad6e-41a8-bd46-8e3e4e9945be": {
    "asset": 1532487904000,
    "meta": 1533478658676,
    "relativePath": "prefab\\pageview.prefab"
  },
  "cd33edea-55f5-46c2-958d-357a01384a36": {
    "asset": 1532487904000,
    "meta": 1533478658687,
    "relativePath": "prefab\\particlesystem.prefab"
  },
  "5965ffac-69da-4b55-bcde-9225d0613c28": {
    "asset": 1532487904000,
    "meta": 1533478658692,
    "relativePath": "prefab\\progressBar.prefab"
  },
  "4a37dd57-78cd-4cec-aad4-f11a73d12b63": {
    "asset": 1532487904000,
    "meta": 1533478658697,
    "relativePath": "prefab\\richtext.prefab"
  },
  "32044bd2-481f-4cf1-a656-e2b2fb1594eb": {
    "asset": 1532487904000,
    "meta": 1533478658702,
    "relativePath": "prefab\\scrollview.prefab"
  },
  "0004d1cf-a0ad-47d8-ab17-34d3db9d35a3": {
    "asset": 1532487904000,
    "meta": 1533478658707,
    "relativePath": "prefab\\slider.prefab"
  },
  "1f55e3be-b89b-4b79-88de-47fd31018044": {
    "asset": 1532487904000,
    "meta": 1533478658712,
    "relativePath": "prefab\\sprite_splash.prefab"
  },
  "96083d03-c332-4a3f-9386-d03e2d19e8ee": {
    "asset": 1532487904000,
    "meta": 1533478658716,
    "relativePath": "prefab\\sprite.prefab"
  },
  "7de03a80-4457-438d-95a7-3e7cdffd6086": {
    "asset": 1532487904000,
    "meta": 1533478658721,
    "relativePath": "prefab\\tiledmap.prefab"
  },
  "0d784963-d024-4ea6-a7db-03be0ad63010": {
    "asset": 1532487904000,
    "meta": 1533478658733,
    "relativePath": "prefab\\toggle.prefab"
  },
  "bf0a434c-84dd-4a8e-a08a-7a36f180cc75": {
    "asset": 1532487904000,
    "meta": 1533478658763,
    "relativePath": "prefab\\toggleContainer.prefab"
  },
  "d1b8be49-b0a0-435c-83b7-552bed4bbe35": {
    "asset": 1532487904000,
    "meta": 1533478658769,
    "relativePath": "prefab\\toggleGroup.prefab"
  },
  "232d2782-c4bd-4bb4-9e01-909f03d6d3b9": {
    "asset": 1532487904000,
    "meta": 1533478658776,
    "relativePath": "prefab\\videoplayer.prefab"
  },
  "8c5001fd-07ee-4a4b-a8a0-63e15195e94d": {
    "asset": 1532487904000,
    "meta": 1533478658780,
    "relativePath": "prefab\\webview.prefab"
  },
  "edd215b9-2796-4a05-aaf5-81f96c9281ce": {
    "asset": 1532487904000,
    "meta": 1533478658441,
    "relativePath": "image\\default_editbox_bg.png"
  },
  "0e42ba95-1fa1-46aa-b2cf-143cd1bcee2c": {
    "asset": 1532487904000,
    "meta": 1533478658727,
    "relativePath": "prefab\\tiledtile.prefab"
  },
  "4f22cdd5-ba5f-423e-bd8b-d8e4e92e82b8": {
    "asset": 1533477147000,
    "meta": 1533478902229,
    "relativePath": "res\\scripts\\Game.js"
  },
  "8637e964-a94d-4d84-99f4-a52fcfe46360": {
    "asset": 1533477343000,
    "meta": 1533478902245,
    "relativePath": "res\\scripts\\GLBConfig.js"
  },
  "d23d2721-5b85-4b91-b25a-f4a06abfa0ab": {
    "asset": 1532161545000,
    "meta": 1533478902255,
    "relativePath": "res\\prefabs\\GameOver.prefab"
  },
  "adf52e50-175a-4c7c-8790-f2819f9fde6d": {
    "asset": 1533103325000,
    "meta": 1533478902273,
    "relativePath": "res\\scripts\\Mvs.js"
  },
  "2f5cc6d9-d896-4754-ace6-c1123d610c6b": {
    "asset": 1532069458000,
    "meta": 1533478902311,
    "relativePath": "res\\scripts\\OneSidePlatform.js"
  },
  "b26d996f-f22e-4f4d-8c8f-dbc1fc8d0313": {
    "asset": 1533477333000,
    "meta": 1533478902325,
    "relativePath": "res\\scripts\\Start.js"
  },
  "11d6706e-4805-45f3-a595-20a2fa3825ef": {
    "asset": 1533127838000,
    "meta": 1533478902334,
    "relativePath": "Start.fire"
  },
  "83700f58-9401-42d6-be85-89237c08bb70": {
    "asset": 1533455693976,
    "meta": 1533478902340,
    "relativePath": "Test.fire"
  },
  "f772d4ee-8495-4ea8-874e-82335e1613d7": {
    "asset": 1532442284000,
    "meta": 1533478909946,
    "relativePath": "matchvs.all.js"
  },
  "e48297ec-1ab0-486c-8ebd-a9155a01e2b7": {
    "asset": 1531917339000,
    "meta": 1533478909947,
    "relativePath": "res\\texture\\spr_f_ayla.png"
  }
}