{
  "item-states": [
    {
      "folded": false,
      "id": "mount-assets"
    },
    {
      "folded": false,
      "id": "9ea96bd0-6a03-4757-ae51-23975b998a9c"
    },
    {
      "folded": false,
      "id": "6808bddb-e84e-435b-87d3-d5ea496d8da2"
    },
    {
      "folded": false,
      "id": "f624c228-e6f2-4c9b-ae87-e9c5ec806f4e"
    },
    {
      "folded": false,
      "id": "7b8134ce-8cd4-41c2-b7c4-040b27be579d"
    },
    {
      "folded": true,
      "id": "9759f15d-6a08-4227-8f93-a6204f49b14b"
    },
    {
      "folded": true,
      "id": "72301d84-2b87-459e-b736-8bfc97ed26e0"
    },
    {
      "folded": false,
      "id": "3bc1fc8b-3f51-40c2-a761-c0e1f8531e7f"
    },
    {
      "folded": false,
      "id": "6b675bd9-ca68-4912-9e78-e22c0b46ea25"
    },
    {
      "folded": true,
      "id": "80899f3a-27bb-4f14-9cf3-54bdc38f98cb"
    },
    {
      "folded": false,
      "id": "ae3a3d4c-49d0-49dd-9acc-e2753e82026b"
    },
    {
      "folded": true,
      "id": "8c20e9f1-6f34-42d5-b481-c1e1c1ca4c97"
    },
    {
      "folded": true,
      "id": "cb3859bb-a093-444f-88be-a7506e2ad790"
    },
    {
      "folded": false,
      "id": "dd2f50ed-e0f9-488e-b071-9d8546d3a640"
    },
    {
      "folded": false,
      "id": "0fc36bf9-a580-4862-92eb-c6df06e30624"
    },
    {
      "folded": false,
      "id": "787904d0-453d-40d8-9edf-23a755319a18"
    },
    {
      "folded": false,
      "id": "db6c4dfb-5677-4a65-8ea3-bf781fc24e5a"
    },
    {
      "folded": false,
      "id": "7a9e7bcb-d14c-43a9-9922-b6970122d074"
    },
    {
      "folded": false,
      "id": "80f9286c-c9ab-4acf-9c10-3f1a069b9751"
    },
    {
      "folded": true,
      "id": "390dd23a-d42d-49cd-a673-8df99357d21d"
    },
    {
      "folded": true,
      "id": "3ebfb34f-f8a3-44d2-957c-8e71be535bab"
    },
    {
      "folded": true,
      "id": "0348b7de-242a-4117-aac2-0a1fd148003f"
    },
    {
      "folded": true,
      "id": "35f73aea-566f-4d14-8a9e-ab4b4a9fad75"
    },
    {
      "folded": true,
      "id": "d9462814-49fc-44f4-9d0b-f3ca484bd7f1"
    },
    {
      "folded": true,
      "id": "e361c5c1-afda-4d87-aa91-4f828651e26e"
    },
    {
      "folded": true,
      "id": "e48297ec-1ab0-486c-8ebd-a9155a01e2b7"
    },
    {
      "folded": true,
      "id": "1984dfd6-0b34-439f-b0ae-ecc499f8f2f8"
    },
    {
      "folded": true,
      "id": "920c547c-69b1-4aac-baaa-00e71b5ed41d"
    },
    {
      "folded": true,
      "id": "a70342ee-04eb-487b-b7e1-95834877e3de"
    },
    {
      "folded": true,
      "id": "ead5b62b-c4b0-45bb-99ff-c329cdce2ae2"
    },
    {
      "folded": true,
      "id": "74af60a1-f4db-4b06-9875-e451cd2bb15a"
    },
    {
      "folded": true,
      "id": "8c4c4d3e-ea5f-44c3-a830-19a177a99690"
    },
    {
      "folded": true,
      "id": "47359972-c82b-49ce-9f59-04be78238014"
    },
    {
      "folded": true,
      "id": "60517da2-9592-4c6d-ae39-247788d8af49"
    },
    {
      "folded": true,
      "id": "ab2a8677-928f-4f1e-a575-903eb32357dd"
    },
    {
      "folded": true,
      "id": "16cd22f5-df31-4869-a3f1-54dc68edbe52"
    },
    {
      "folded": true,
      "id": "5595537b-cdc2-4a50-a4de-e7e71e9e2e78"
    },
    {
      "folded": true,
      "id": "824e3eee-7f87-421c-9806-77b15dfea9a0"
    },
    {
      "folded": true,
      "id": "ff450ab4-c58e-4828-a1f7-b07750ad7ad5"
    },
    {
      "folded": true,
      "id": "b75c9329-c238-4477-9202-3858925db6d3"
    },
    {
      "folded": true,
      "id": "3364cb45-b865-42d3-9911-7253c82ee60d"
    },
    {
      "folded": true,
      "id": "754aac56-ef5e-473f-80b7-c825526e25eb"
    },
    {
      "folded": true,
      "id": "0b22ea8a-3162-4035-92b2-5e88273d5b61"
    },
    {
      "folded": true,
      "id": "5e9a414f-2b40-482d-aca7-e33c93f6b679"
    },
    {
      "folded": true,
      "id": "c7d21706-1ce0-4e11-afe2-5b0ca9458e8e"
    },
    {
      "folded": true,
      "id": "04fd5f75-8197-4f75-8f30-371acdf60cdc"
    },
    {
      "folded": true,
      "id": "93992f09-54d2-474f-aa34-c7806af86477"
    },
    {
      "folded": true,
      "id": "17d27999-3b87-4fd8-901c-94c1723379f2"
    },
    {
      "folded": true,
      "id": "beae9864-1883-40ce-8a41-c378dd6867be"
    },
    {
      "folded": true,
      "id": "a455f3c7-1bed-4f74-a720-f468757cf3a7"
    },
    {
      "folded": true,
      "id": "1af826f2-fdc6-4d2b-928f-32833844f2e7"
    },
    {
      "folded": true,
      "id": "a0476bbe-3b46-4c9e-88fc-bf72a15f63db"
    },
    {
      "folded": true,
      "id": "708bd56d-ac6a-4d9f-96af-c129dd573038"
    },
    {
      "folded": true,
      "id": "f01685dc-dfd0-453f-9405-4b2a3e7787d1"
    },
    {
      "folded": true,
      "id": "5409565e-0a08-4733-b389-f0c150524364"
    },
    {
      "folded": true,
      "id": "ceab4e68-2a5e-441a-adaa-12be520651c5"
    },
    {
      "folded": true,
      "id": "dfe9a7be-01ac-4c9c-8f2b-6ca264223b9d"
    },
    {
      "folded": true,
      "id": "ff5e78e4-f973-4d53-a70a-fc9f19b13373"
    },
    {
      "folded": true,
      "id": "e425a351-daed-445a-88b6-852d911a2c93"
    },
    {
      "folded": true,
      "id": "e8531395-f37a-4da9-8c49-325945c9fef3"
    },
    {
      "folded": true,
      "id": "2f602cbd-63aa-4083-9992-1831f16ee3cc"
    },
    {
      "folded": true,
      "id": "0fb72fca-ca78-4f66-b2c9-6590607b55e4"
    },
    {
      "folded": true,
      "id": "cf2c28c2-8f56-4d71-a6ad-08790d9c9fc1"
    },
    {
      "folded": true,
      "id": "9086ffa1-7d0f-4c45-bf61-03f499dd5a82"
    },
    {
      "folded": true,
      "id": "b159776b-8b6a-40ad-b64e-34c54917c31c"
    },
    {
      "folded": true,
      "id": "d957b38c-2dc1-4e25-bd4f-f806dc352926"
    },
    {
      "folded": true,
      "id": "42390cb3-980d-48fd-81b1-a716ac034765"
    },
    {
      "folded": true,
      "id": "0d969723-2ef0-41c8-b23e-51b0eb2a15a2"
    },
    {
      "folded": true,
      "id": "f7fef60c-72a2-4df4-9620-e56338df947f"
    },
    {
      "folded": true,
      "id": "baf01ea6-1462-4507-a861-38fbbd6925d7"
    },
    {
      "folded": true,
      "id": "mount-plugin-matchvs-js"
    },
    {
      "folded": true,
      "id": "66af5514-299e-4a2f-8df1-eaeb8ef759ba"
    },
    {
      "folded": true,
      "id": "726aae5c-9e09-4c57-b3df-77f413c46288"
    }
  ]
}